name,description
A-Bomb (HAS),"Rick Jones has been Hulk's best bud since day one, but now he's more than a friend...he's a teammate! Transformed by a Gamma energy explosion, A-Bomb's thick, armored skin is just as strong and powerful as it is blue. And when he curls into action, he uses it like a giant bowling ball of destruction! "
A.I.M.,AIM is a terrorist organization bent on destroying the world.
Abomination (Emil Blonsky),"Formerly known as Emil Blonsky, a spy of Soviet Yugoslavian origin working for the KGB, the Abomination gained his powers after receiving a dose of gamma radiation similar to that which transformed Bruce Banner into the incredible Hulk."
Adam Warlock,Adam Warlock is an artificially created human who was born in a cocoon at a scientific complex called The Beehive.
Agent X (Nijo),"Originally a partner of the mind-altering assassin Black Swan, Nijo spied on Deadpool as part of the Swan's plan to exact revenge for Deadpool falsely taking credit for the Swan's assassination of the Four Winds crime family, which included Nijo's brother."
Alex Wilder,"Despite being the only one of the Runaways without any superhuman abilities or tech, Alex Wilder became the de facto leader of the group due to his natural leadership skills and intellect, as well as prodigy-level logic and strategy."
Amun,"Amun is a ruthless teenage assassin, employed by the Sisterhood of the Wasp to serve under the mage Vincent after Araña interrupted the ritual to initiate the Wasp's new chosen one."
Arnim Zola,"The frail, dwarfish Arnim Zola was born in 1930s Switzerland where he became the world's leading biochemist and genetic engineer."
Avengers,"Earth's Mightiest Heroes joined forces to take on threats that were too big for any one hero to tackle. With a roster that has included Captain America, Iron Man, Ant-Man, Hulk, Thor, Wasp and dozens more over the years, the Avengers have come to be regarded as Earth's No. 1 team."
Azazel (Mutant),"A mutant from biblical times, Azazel is the ruler of the Neyaphem and claims that the Earth and everything on it belongs to him."
Banshee (Theresa Rourke),"The daughter of former X-Men member Sean Cassidy, a.k.a. Banshee, and Maeve Rourke, Theresa Rourke was raised by her first cousin once removed, mutant terrorist Thomas Cassidy, a.k.a. Black Tom."
Ben Reilly,"Ben Reilly was the most genetically stable of the many clones of Spider-Man created by Professor Miles Warren, the Jackal."
Ben Urich,Ben Urich is a reporter for the Daily Bugle who has many ties to the city's superhero community.
Black Widow/Natasha Romanoff (MAA),"Natasha Romanoff, also known as Black Widow, is a world-renowned super spy and one of S.H.I.E.L.D.'s top agents. Her hand-to-hand combat skills, intelligence, and unpredictability make her a deadly secret weapon. True to her mysterious nature, Black Widow comes and goes as she pleases, but always appears exactly when her particular skills are needed."
"Bob, Agent of Hydra","A cowardly young man, Bob was persuaded into joining the criminal organization HYDRA and has had numerous encounters with Deadpool and other Marvel heroes."
Boom Boom,"When Tabitha Smith's mutant nature manifested at age 13, she ran away from her abusive home and eventually hooked up with the New Mutants and, subsequently, X-Force."
Cap'n Oz,"William was born into the ClanDestine, making him a creature that is part magic.  After events surrounding the death of his brother Vincent, he moved to Australia where he started an acting career as the superhero Cap'n Oz."
Captain America,"Vowing to serve his country any way he could, young Steve Rogers took the super soldier serum to become America's one-man army. Fighting for the red, white and blue for over 60 years, Captain America is the living, breathing symbol of freedom and liberty."
Captain America (Sam Wilson),"<p class=""Body"">Sam Wilson, a Harlem native, previously operated under the name Falcon, fighting alongside the Avengers. When his longtime friend Steve Rogers stepped down as Captain America, Wilson was hand-picked to fill the role. Now the former Falcon soars through the skies wearing red, white and blue.</p>"
Captain America/Steve Rogers (MAA),"During World War II, Steve Rogers enlisted in the military and was injected with a super-serum that turned him into super-soldier Captain America! He's a skilled strategist and even more skilled with his shield, but it's his courage and good heart that makes Captain America both a leader and a true hero. "
Captain Stacy,NYPD Captain George Stacy was the father of one-time Peter Parker girlfriend Gwen Stacy.
Carmella Unuscione,Carmella Unuscione was one of the first members of the Magneto's Acolytes.
Chase Stein,Chase Stein is the son of mad scientists Victor and Janet Stein and is the tech genius of the Runaways.
Colleen Wing,"Colleen Wing was raised in Japan by her grandfather Kanji Ozawa, who taught her the ways of a samurai, in which she became highly skilled, after which she teamed up with Misty Knight at the behest of Tony Stark as a new Heroes for Hire tasked with capturing superhumans who have not registered."
Daredevil,"Abandoned by his mother, Matt Murdock was raised by his father, boxer ""Battling Jack"" Murdock, in Hell's Kitchen. Realizing that rules were needed to prevent people from behaving badly, young Matt decided to study law; however, when he saved a man from an oncoming truck, it spilled a radioactive cargo that rendered Matt blind while enhancing his remaining senses. Under the harsh tutelage of blind martial arts master Stick, Matt mastered his heightened senses and became a formidable fighter."
Deathlok,&nbsp;
Demogoblin,"Jason Macendale, the newest Hobgoblin was down on his luck and offered the demon N'astirh his soul in exchange for power during the  Inferno crisis, turning him into the Demogoblin."
Devil Dinosaur (HAS),"They say a dog is man's best friend, so naturally Hulk's best friend is a T-Rex! Devil Dinosaur is the team's trusty prehistoric pet that occasionally lends his massive jaws to the fight. Although he's got tiny arms, Devil's got a big heart and an even bigger bite!"
Falcon,"With a mental connection to all birds and a suit that gives him wings to fly, The Falcon has been both the partner to Captain America and an Avenger himself. Whether as a super hero or in his secret identity of social worker Sam Wilson, The Falcon dedicates his life to standing up for others."
Falcon/Sam Wilson (MAA),"Recruited from S.H.I.E.L.D. by his hero and mentor Tony Stark, Falcon is the Avengers' newest and youngest recruit. Like Tony, Sam is a genius with machines and technology. What he lacks in experience, Sam makes up in enthusiasm and determination. Falcon's suit of armor comes fully stocked with holographic wings, explosive flechettes, and retractable talons."
Fantastic Four,"After being exposed to cosmic rays, Reed Richards, Susan Storm, Ben Grimm and Johnny Storm found they had amazing new powers. Reed Richards found he has the ability to stretch his body in any way he wanted, while Susan Storm can turn herself, objects and other people invisible. Ben Grimm transformed into a rocky, super-strong behemoth and Johnny Storm has the ability to set himself on fire. Dubbed the Fantastic Four, Mr. Fantastic, Invisible Woman, Thing and the Human Torch are Marvel's First Family."
Franklin Richards,"The son of Reed Richards and Susan Storm of the Fantastic Four, Franklin may one day be the most powerful person on Earth. Right now, he's the son of a genius who finds adventure and fun around every corner."
Franklin Storm,Franklin Storm was the father of Susan and Johnny Storm.
Glenn Talbot,"Major Glenn Talbot was member of United States Air Force, United States Army and Hulkbusters."
Guardians of the Galaxy,"A group of cosmic adventurers brought together by Star-Lord, the  Guardians of the Galaxy protect the universe from threats all  across space. The team also includes Drax, Gamora, Groot and Rocket  Raccoon!"
Gwen Stacy,"Peter Parker's first true love, Gwen Stacy was killed during a rescue attempt by Spider-Man, the guilt from which Peter has never overcome."
Hawkeye/Clint Barton (MAA),"Hawkeye is an expert archer with an attitude just as on-target as his aim. His stealth combat experience and his ability to hit any target with any projectile make him a valuable member of the Avengers. However, he refuses to let things get too serious, as he has as many jokes as he does arrows!"
Hulk,"Caught in a gamma bomb explosion while trying to save the life of a teenager, Dr. Bruce Banner was transformed into the incredibly powerful creature called the Hulk. An all too often misunderstood hero, the angrier the Hulk gets, the stronger the Hulk gets."
Hulk (HAS),"The Hulk is the biggest, strongest, smashing-est hero in the Marvel Universe - the green glue that holds his crazy family-like team together. Hulk loves saving the world by smashing every alien, sea creature, and planet (literally) that tries to destroy it. He is the star of his best bud A-Bomb's web series, and just wants to show people his good intentions!"
Hulk/Bruce Banner (MAA),"Scientist Bruce Banner was transformed into the Hulk as a result to gamma radiation exposure. Over 8 feet tall and weighing 1,040 pounds, it's Hulk's strength that makes him the strongest hero in the Marvel Universe! Hulk smashes all threats that dare disturb the peace and friendship he has found in the Avengers. "
Iron Fist (USM),"Danny is always focused yet relaxed - more Zen-focused than chill surfer dude. But when Danny turns into Iron First, he becomes very rigid with perfect posture. A very Yin/Yang character. 

Danny is THE Danny Rand â€“ the 17-year-old head of the giant Rand Corporation.  His wealth rivals Osbornâ€™s â€“ but youâ€™d never know it from his laid- back attitude. However, as Iron Fist, he takes his powers very seriously. 

While Danny and Luke are best friends, Danny has a special respect for Spider-Man, acting as a non-judgmental moral commentator on all of Spider-Manâ€™s actions. "
Iron Man,"Wounded, captured and forced to build a weapon by his enemies, billionaire industrialist Tony Stark instead created an advanced suit of armor to save his life and escape captivity. Now with a new outlook on life, Tony uses his money and intelligence to make the world a safer, better place as Iron Man."
Iron Man/Tony Stark (MAA),"Tony Stark is the genius inventor/billionaire/philanthropist owner of Stark Industries. With his super high-tech Iron Man suit, he is practically indestructible, able to fly, and has a large selection of weapons to choose from - but it's Tony's quick thinking and ability to adapt and improvise that make him an effective leader of the Avengers.        "
Iron Patriot (James Rhodes),"U.S. Air Force pilot and Tony Stark's friend who has his own suit of Iron Man armor, nicknamed, ""War Machine."""
Jimmy Woo,Jimmy Woo is a former FBI and SHIELD agent from the '50s who now leads the Agents of Atlas in the present.
John Wraith,"A mutant with teleportation powers, Wraith served with Wolverine, Sabretooth, Maverick and Silver Fox in Team X, a covert operations unit formed by Weapon X."
Ken Ellis,"Former Daily Bugle and current DB! reporter Ken Ellis first made a splash during the public debut of Ben Reilly as the Scarlet Spider, providing the new costumed hero with his name following a pitched battle with Venom."
Mariko Yashida,"Mariko Yashida was the daughter of Japanese crimelord Lord Shingen, leader of Clan Yashida, and one-time fiance of Wolverine."
Mary Jane Watson,"Mary Jane Watson was the guiding light in Peter Parker's life, and their love had overcome countless obstacles."
Mary Jane Watson (House of M),"Mary Jane Watson always wanted to be an actress, but all the roles seemed to go to mutants, until her former high school friend, and world famous performer, Peter Parker asked her to play his love interest in his newest movie, upon the release of which made her America's sweetheart and one of the only human movies stars able to launch her own solo projects."
Matsu'o Tsurayaba,"Tsurayaba became leader of a faction of the ninja clan the Hand, finding himself at odds with his lover Kwannon who was an assassin for rival crimelord Nyoirin."
Meltdown,"When Tabitha Smith's mutant nature manifested at age 13, she ran away from her abusive home before eventually hooking up with the New Mutants and, subsequently, X-Force."
Miracleman,"Michael Moran has a superhuman alter ego. By saying the trigger word ""Kimota!"" Michael turns into Miracleman! But is the good of being Miracleman enough to outweigh the cost?"
Ms. Marvel (Kamala Khan),"A Muslim-American teenager growing up in Jersey City, Kamala Khan gained shape-shifting powers when Inhumanity spread over the Earth. A fan of super heroes, in particular Carol Danvers, Kamala took up Captain Marvel's former identity, becoming the new Ms. Marvel. This up and coming hero works to protect her community and understand her place in the world."
Nova (Sam Alexander),"Sam Alexander inherited the role of Nova from his father, who went missing mysteriously. The new Human Rocket struggles to become a hero while searching for his dad."
Nova (USM),"The hyperactive loose cannon of the team. Sam Alexander always feels like he has something to prove. 

The hyperactive loose cannon of the group. Sam always feels like he has something to prove.

Samâ€™s powers derive from the Nova Force, which is channeled through his helmet. These powers include flight, enhanced durability, and the ability to absorb and release pulses of energy. However, Sam does not know the extent of his powers, let alone how they work.  

Enthusiastic and immature, Samâ€™s eagerness can be a blessing and a curse. His personality will constantly clash with Spideyâ€™s as they compete for bragging rights. "
Pete Wisdom,"Pete Wisdom is a former agent of the British intelligence agency Black Air, which was charged with the observation of, and interaction with, extranormal activity, and he was the agency's liaison with the British superhero group Excalibur, whom he eventually aided in exposing Black Air's subversive criminal activities."
Power Man (USM),"A former street kid whoâ€™s not quite used to the Super Hero world, Luke is a no-nonsense tough guy who serves as the emotional heart and big brother of the group. He is fiercely loyal and nearly fearless in battle. 

Lukeâ€™s unbreakable skin and super strength make him the bruiser out of all the trainees. Heâ€™s the first guy to jump into a fight. However, he can still be hurt by concussive blasts and other forms of energy.

As Dannyâ€™s best friend, Luke is the translator for Dannyâ€™s sometimes spacey, non-sequitur comments. Luke will always be the first to defend Peter from others, both as civilians and Super Heroes."
Red Hulk (HAS),"US Army General Thunderbolt Ross used to a be a huge pain in Hulk's you know what! But as the saying goes, if you can't beat 'em, join 'em! He decided to supersize himself and join the team as Red! Just as cranky as before, Red still gives Hulk a hard time, but deep down he loves being a part of the Agents of S.M.A.S.H. - that, and his Gatling Laser Cannon. "
Rocket Raccoon,"A genetically-engineered alien with a knack for big guns and fast ships, Rocket serves as the backbone of the Guardians of the Galaxy!"
Runaways,"The teens who became the Runaways found that some family secrets are bigger than others when they witnessed their parents, part of a cabal known as the Pride, murdering a young girl during a secret sacrificial ritual. "
Sabra,"Ruth Bat-Seraph is an Israeli national who, along with her family, was taken to a special community by the Israeli government when her genetic mutation manifested."
Scarecrow (Ebenezer Laughton),"Realizing the criminal potential of his abilities, Umberto stole a flock of trained birds from a fellow performer to assist him in his new costumed criminal guise as the Scarecrow."
Scorpion (Carmilla Black),"Carmilla Black is a genetically engineered human, created by Advanced Idea Mechanics (A.I.M.)."
Scrambler,"Korean national Kim Il Sung was the youngest member of the Marauders, the superhuman assassins responsible for massacring the underground mutant community known as the Morlocks."
Scream (Donna Diego),"Out of the five alien symbiotes that were forcefully extracted from Venom (while bonded with Eddie Brock) by the Life Foundation, Donna's is the only one still active today that is not bonded to Hybrid."
Screwball,"Trained in parkour, Screwball, fairly new to the New York City superhuman criminal community, specializes in recording he crimes and broadcasting them live over the internet."
Sebastian Shaw,Sebastian Shaw was invited to join the elite Hellfire Club and quickly worked his way into a position within the Inner Circle.
Selene,"The long-standing Black Queen of the Hellfire Club's Inner Circle, Selene Gallio professes to have lived for several millennia, and to have been a foe of the ancient sorcerer, Kulan Gath."
Sentry (Robert Reynolds),"Empowered by the enigmatic Professor's secret formula, high school student Robert Reynolds became a superhuman."
Sersi,"Sersi is a member of the Eternals, a species diverted from humanity by experiments conducted by the Celestials one million years ago."
Shadow King,"One of the oldest and more powerful mutants ever, Amahl Farouk has been a threat to mankind at least for decades. He was the first evil mutant met by Charles Xavier, convincing him of the need of the X-Men."
Shadowcat (Age of Apocalypse),Katherine Pryde lived in the suburbs of Illinois and kept her mutant abilities a secret.
Shadowcat (Ultimate),"After fourteen-year-old Kitty Pryde's mutant powers emerged, causing terrifying incidents where she uncontrollably phased out of the family apartment in to moving traffic andsewers, her mother Theresa contacted Professor Xavier."
Shadu the Shady,Shadu the Shady claimed to travel to many unseen magical lands and witnessed miracles he would duplicate at a club called the 53rd Card.
Shaman,"Dr. Michael Twoyoungmen was a surgeon who found that modern science was insufficient to accomplish everything he wished to do, and so he turned to mysticism that his grandfather told him about."
Shang-Chi,"Shang-Chi is the son of an internationally-renowned and powerful criminal mastermind whose childhood was a lonely one, full of constant training in rigorous mental and martial arts, with only limited contact with his parents."
Shanna the She-Devil,"The only daughter of a wealthy diamond miner, Shanna grew up in the Zaire jungles, where, at age six, she witnessed her father’s accidental fatal shooting of her mother, starting a lifelong loathing of firearms."
Shape,"Often clashing with the heroes of the Squadron Supreme, the Shape was later subjected to the mind-altering behavior modification device used as part of the Squadron Supreme's ""Utopia Program."""
Shard,"Shard and her older brother Bishop were raised in the 21st Century, some eighty years into an alternate future, by their grandmother, in a timeline in which the X-Men were betrayed by one of their own and killed, causing a disaster that caused the government to place a stylized 'M' tattoo over the left eyes of all mutants."
Shatterstar,"Shatterstar is Gaveedra Seven, the product of bio-engineering on an otherdimensional world, who was at one point merged with an Earth mutant named Benjamin Russell, the nature of whose genetic mutation remains unknown."
She-Hulk (HAS),"She-Hulk is the Hulk's action-loving cousin. She's unbelievably strong, pilots the group's heavily armed Jump Jet, and uses a pair of Gamma Gauntlets that give her fists an added energy wallop. As the most competitive member of the team, She-Hulk never backs down from a fight, arm-wrestling match, or burping contest!  "
She-Hulk (Jennifer Walters),"Seriously wounded, young lawyer Jennifer Walters was given a blood transfusion by her cousin Bruce Banner. Usually in better control of her powers and temper than the Hulk, She-Hulk has been a high profile New York lawyer as well as an upstanding member of both the Avengers and Fantastic Four."
Shinobi Shaw,"Shinobi Shaw is the illegitimate son of Sebastian Shaw, who was rejected and abandoned by his father at an early age and grew tired of waiting to inherit his father's wealth and wearied of the elder Shaw's contempt for his decadent lifestyle."
Shiver Man,The Shiver Man is an undead bounty hunter who has worked with Nick Fury and Wolverine.
Shocker (Herman Schultz),"Herman Schultz is a career criminal who, after several prison terms for robbery, built a battle suit that sent out shock waves to quickly open safes as well as give him a significant advantage over the New York police."
Shockwave,"Lancaster Sneed was a secret agent working for the United Kingdom’s MI:6, but no one esteemed him as highly as himself, and despite his pride, he was wounded in an explosion on his first field assignment and forced to undergo a radical surgery that grafted metal plates and cybernetic systems to his body."
Shriek,Shriek became a groupie for a rock band and a drug dealer on the side until the vigilantes Cloak and Dagger happened by during one of her deals.
Sif,Sif was born a second generation goddess of Asgard and eventually became Thor's lover.
Silhouette,"Silhouette Chord is a descendant of the Dragon's Breadth cult, which spent centuries trying to master the Well of All Things, a hidden interdimensional mystic energy breach in Cambodia."
Silver Fox,"Silver Fox was a young member of the Blackfoot Indian tribe who, in the early 1910s, fell in love with a young mutant named Logan and shared a cabin with him in a remote community in the Canadian Rockies."
Silver Sable,"Silver Sable trained her entire life, becoming a master of a wide variety of weapons and training in all forms of hand-to-hand combat in preparation for the day she would inherit leadership of the Wild Pack."
Silver Samurai,Keniuchio Harada is the mutant son of the former Japanese crimelord Shingen Harada.
Silver Samurai (Age of Apocalypse),"Silver Samurai was a mutant rebel in his homeland of Japan, where, alongside Sunfire, he stood as the last line of defense against the hordes of Apocalypse."
Silver Surfer,"When Zenn-La was threatened by the world-devouring entity known as Galactus, Norrin Radd stood up for his home planet and offered to work for Galactus, finding him new planets to eat, in exchange for saving his own. Years later, the Surfer has protected Earth and many other planets, becoming one of the greatest heroes in the universe."
Silverclaw,"When her father died, Lupe was taken in by the Church orphanage, despite their misgivings about her “ungodly” powers."
Silvermane,Silvio Manfredi has been a career criminal for most of his life.
Siren (Earth-93060),Jennifer Pearson appeared on the Ultra hero scene as Siren after being held hostage by her fathers foe known as Mannequin.
Skaar,"The Hulk fathered a son while on the planet Sakaar, but thought him killed while still in his mother's womb; he was wrong."
Skaar (HAS),"No one knows where Skaar, the savage sword-swinger, came from, but one thing is for sure...he's a Hulk. The intensity of Skaarâ€™s war cry ""Skaar Slash!"" is matched only by his ferocious appetite. Although he is a great asset in the fight against evil, Skaar is just as destructive at home as he is on the battlefield. "
Skin,"Angelo Espinosa, a founding member of Generation X, code-named ""Skin"" due to his mutant ability to extend and control his extra skin in any number of ways."
Skreet,"The Proemial God Aegis revealed that Skreet was a Chaos Mite, a race of very small and powerful beings, which were deemed unstable by the Cosmic Consonance."
Slapstick,"Steven Harmon's powers have been described as ""all of the abilities of a Saturday morning cartoon character."""
Slayback,"Ten years ago, Slayback was killed by Deadpool before returning from the dead to break into Department K, from which he stole the Weapon X Program files of Kane and Deadpool."
Sleepwalker,Sleepwalkers are guardians of the Mindscape -- they apprehended beings that invade the sleeping minds of humans.
Slipstream,"Australian mutant siblings Heather and Davis Cameron were sent to live in Surfer's Paradise by their father in an effort to spare them from his life as Viceroy, godfather of Australian organized crime."
Slyde,"A scientist at Beemont Manufacturing, Jalome Beacher created a chemical that could be used to coat a surface and thereby eliminate all friction between it and any other object, which he used, after being downsized, to rob banks and his former employers."
Smasher (Vril Rokk),"Smasher is a member of the Imperial Guard, a multi-ethnic group of super-powered alien beings who act as enforcers of the laws of the Shi'ar Empire."
Snowbird,Narya's origins trace back to ancient times when the Eskimo Gods of the North battled the mystical Great Beasts for the fate of the world.
Solo (James Bourne),James Bourne was drafted to a top-secret special forces operation where he endured ten months of hard and brutal training to earn his place in the new counter-terrorist group Omega Strike.
Songbird,"Melissa Gold grew up on the streets, adopting her mother's name ""Mimi"" as part of a hard, cold persona she developed as a survival mechanism."
Speed,"Tommy Shepherd may be the son of the Scarlet Witch and the Vision, and thus the twin brother of Wiccan."
Speed Demon,"James Saunders, a disgruntled chemist tired of his job with the Hudson Pharmaceutical Company of West Caldwell, New Jersey, was contacted by the Grandmaster and offered superhuman powers in exchange for joining a team that would compete on his behalf."
Spider-Girl (May Parker),"May ""Mayday"" Parker is the daughter of Spider-Man and Mary Jane Watson-Parker. Born with all her fatherï¿½s powers-and the same silly sense of humor-sheï¿½s grown up to become one of Earthï¿½s most trusted heroes and a fitting tribute to her proud papa."
Spider-Ham (Larval Earth),"As Spider-Ham Peter faced such nefarious foes as Ductor Doom, Bull-Frog, Raven the Hunter, Hogzilla, the Buzzard and the King-Pig!"
Spider-Man,"Bitten by a radioactive spider, high school student Peter Parker gained the speed, strength and powers of a spider. Adopting the name Spider-Man, Peter hoped to start a career using his new abilities. Taught that with great power comes great responsibility, Spidey has vowed to use his powers to help people."
Spider-Man (House of M),"In the House of M universe, surrounded by his family, including his young son Richard and close friends, Peter Parker is the envy of the world and its most popular mutant; but lately, Peter has felt like something is wrong in his world."
Spider-Man (Marvel Zombies),"Zombie Spider-Man ate his own wife and aunt, the only two people left in the world who truly loved him."
Spider-Man (Miles Morales),"Teenager Miles Morales grew up in Brooklyn, New York. Recently, Miles took on the controversial and pressured role of Spider-Man shortly after the death of the original. Morales made his debut against The Kangaroo, much to the surprise and disapproval of many present at the confrontation."
Spider-Man (Ultimate),"Peter’s relatively normal life changed abruptly during a school trip to Osborn Industries, Inc, where the company had been working on a super soldier serum, the Oz Compound; a spider exposed to it escaped and bit Peter before it was destroyed."
Spider-Woman (Jessica Drew),"When young Jessica Drew suffered uranium poisoning in 1931, her father was forced to inject her with his untested spider serum and seal her in a genetic accelerator."
Spider-Woman (Mattie Franklin),"Mattie Franklin was granted her powers when, after overhearing a phone call between her father and Norman Osborn about the Gathering of the Five, she took her father's place during the Gathering and was endowed with the awesome powers that Norman Osborn had wanted for himself."
Spiral (Rita Wayword),"Spiral was created to be an agent of Mojo, the despotic leader of Mojo World, often used as his favored personal servant, executioner, and spy."
Spirit,Spirit is a member of the Luphomoid race and she is one of the few survivors of her planet's destruction.
Spitfire,"During World War II, Jacqueline Falsworth bravely served in Britain’s Home Guard."
Spot,"Jonathan Ohnn was working as a research scientist on behalf of Wilson Fisk, the Kingpin of Crime."
Sprite,Sprite is a mischievous Eternal who maintains a perpetual youthful appearance.
Squirrel Girl,"Escaping the taunts of her fellow school students regarding her physical mutation, Los-Angeles born Doreen Green fled into the nearby woods where she quickly discovered her affinity for squirrels."
Star-Lord (Peter Quill),"Refusing to miss his opportunity, Peter Jason Quill stole a scoutship from Cape Canaveral, returned to Eve, and shot his way to the appointed spot, where his old rival Harrelson, NASA's choice to be Star-Lord, was awaiting selection, where Quill was transported away in his stead, and transformed into Star-Lord."
Starbolt,Starbolt is a member of the Shi'ar Imperial Guard.
Stardust,"As Herald for the world devourer, Galactus, Stardust found suitable worlds for her master to consume."
Starfox,"The youngest son of Mentor and Sui-San, Eros had the natural ability to excite pleasure in others, but his power had no effect upon his mutant older brother, Thanos, who worshiped the cosmic embodiment of Death and led an army against Titan."
Starhawk (Stakar Ogord),"Though best known as a 31st century hero in the alternate Reality-691 timeline, the enigmatic, space-faring Starhawk originated a millennium earlier."
Stature,Cassie Lang is the daughter of deceased Avenger Scott Lang and a member of the Young Avengers.
Stellaris,"It is unknown how Stellaris survived the extermination of her home world by the Celestials or how she acquired her living armor, but ever since she has committed herself to their destruction."
Stepford Cuckoos,The Stepford Cuckoos were five identical mutant sisters who enrolled at the Xavier Institute and soon proved to be the crème de la crème of Emma Frost's telepathy class.
Stick,"Stick, who trained both Daredevil and Elektra in the martial arts, is the leader of the warrior order called The Chaste, and has fought alongside the clan's other members against The Hand for years."
Stilt-Man (Wibur Day),Wilbur Day was a scientist at Kaxton Labs who stole designs for a hydraulic ramming device from his company out of frustration of his position in his job.
Stingray (Walter Newell),"Creating the Stingray costume, Newell succeeded in capturing the Sub-Mariner, although Namor soon escaped and Newell, while initially defeating him a second time, allowed his friend to go."
Storm,"Ororo Monroe is the descendant of an ancient line of African priestesses, all of whom have white hair, blue eyes, and the potential to wield magic."
Storm (Age of Apocalypse),"Calling herself the Windrider, Storm carved out a small area of Africa as her own and intended to keep it safe from the strife of the war between humans and mutants."
Storm (Ultimate),"Ororo Munroe was raised in Morocco, learning English from American films, and after her family was murdered she fled to America, stealing cars in Harlem before relocating to Texas."
Stranger,"By his own account, the Stranger is a composite being possessing the combined strength and intellect of the billions of humanoid beings who once lived on the planet Gigantus, an ancient world in the Andromeda Galaxy whose size approached the limit at which a planet can exist before fissioning into a sun."
Strong Guy,"According to his own admission, Guido was a nerdy-looking kid in his early life, bullied by other children, but after he discovered his mutant ability at a young age, when he was struck by a school bus, no one bullied him again."
Stryfe,"Stryfe is the clone of Nathan Christopher Summers, alias Cable, the son of Cyclops of the X-Men."
Sub-Mariner,Prince Namor is the half-human/half-Atlantean ruler of Atlantis.
Sugar Man,"The Sugar Man was in charge of the Seattle Core, a slave camp that helped power North America during the Age of Apocalypse."
Sunfire,Shiro Yoshida’s mother was exposed to the atomic devastation of Hiroshima during World War II and died giving birth to him.
Sunfire (Age of Apocalypse),"During the beginning of Apocalypse's rise, Magneto approached Japan's greatest heroes, Sunfire and the Silver Samurai, and asked them to work with him and the X-Men to stop Apocalypse."
Sunspot,"Growing up in a wealthy Brazilian family, Roberto da Costa was forging a career as a skilled soccer player until his mutant nature manifested during a match."
Super-Adaptoid,The Super-Adaptoid was created by the organization known as A.I.M. using a piece of the Cosmic Cube.
Super-Skrull,"After the Fantastic Four stopped the Skrulls' attempted invasion of Earth, Skrull Emperor Dorrek invested vast resources into creating a superbeing of his own."
Supernaut,Sergeant Milo Fields was recruited for the Order and regained the use of his legs after his nervous system intermingled with that of Aralune.
Supreme Intelligence,"The Supreme Intelligence is an organic, computer construct, created by the Kree to act as their supreme leader."
Surge,"Prior to enrolling at the Xavier Institute, Noriko Ashida lived on the street and was reliant on illegally obtained prescription drugs to reduce her highly accelerated mutant brain functions to a manageable rate."
Swarm,"Fritz von Meyer was once a Nazi scientist, the details of which remain unrevealed, although it is known he had access to looted gold from countless European capitals to fund his research."
Sway,"Suzanne Chan saw her parents gunned down in front of her, though she remained unscathed due to her manifesting mutant ability to stop time."
Swordsman,"Andreas reappeared as the Swordsman in the latest incarnation of the Thunderbolts, though his true identity was kept secret for some time."
Swordsman (Jaques Duquesne),"When Clint Barton came to the Carson Carnival of Traveling Wonders, the Swordsman became one of his mentors."
Synch,Everett Thomas was a founding member of Generation X.
Talisman (Elizabeth Twoyoungmen),"Elizabeth Twoyoungmen was born in Calgary, Alberta, Canada, the daughter of Michael Twoyoungman (Shaman) of the Canadian superhero team Alpha Flight."
Talkback (Chase Stein),Chase Stein is the son of mad scientists Victor and Janet Stein and is the tech genius of the Runaways.
Talon (Fraternity of Raptors),"Falling to Earth wrapped in a ball of flame, Talon crash landed next to the home of Chris Powell, the young hero known as Darkhawk."
Talos,"Born without the ability to shape shift like other Skrulls, Talos became a savage fighter and a decorated military commander."
Tarantula (Luis Alvarez),Alvarez replaced the original Tarantula after his death by the dictatorship Delvadian government.
Taskmaster,"Taskmaster first exhibited his unusual ability, called ""photographic reflexes,"" which allowed him to mimic the motion of anyone he saw, when he was a young boy."
Tenebrous,"Tenebrous has existed in this universe since its infancy, and was imprisoned in the planet Kyln after a battle with Galactus."
Terrax,"Tyros was once the dictator of the city Lanlak on the planet Birj, where his superhuman ability to command rocks and earth enabled him to overcome all resistance, but his rule of Lanlak came to an end when he was sought by the world-devouring Galactus to serve as his latest Herald."
Terror,"In the distant past, Terror battled a green bear-like demon that threatened early mankind, sacrificing his own form to overcome it; he was then cursed to wear its decayed form but gained its power."
Thanos,"The Mad Titan Thanos, a melancholy, brooding individual, consumed with the concept of death, sought out personal power and increased strength, endowing himself with cybernetic implants until he became more powerful than any of his brethren."
The Leader (HAS),"What the Hulk has in strength, the Leader has in brains. Hulk's arch nemesis was affected by the same Gamma radiation that transformed Bruce Banner; but, instead of Hulk-ified muscles, the Leader got a Hulk-ified head. He's smart, sinister, and obsessed with destroying the Hulk!"
Thena,"Thena, a second generation Eternal, is the eldest daughter of Zuras, leader of the Eternals of Earth, and Cybele, and although she has lived for more than 4,000 years, she is still considered a young woman by Eternal standards."
Thing,"The radiation that mutated Reed Richards, Sue Storm and Johnny Storm into superhuman beings had also mutated Ben Grimm, transforming him into a grotesque, rock-hided strongman dubbed the Thing."
Thing (Ultimate),"When the time came for Reed Richards to demonstrate his teleportation device, his old friend Ben Grimm was invited to observe, but the device malfunctioned and Ben woke up in Mexico City, transformed into a rocky, brutish Thing."
Thor,"As the Norse God of thunder and lightning, Thor wields one of the greatest weapons ever made, the enchanted hammer Mjolnir. While others have described Thor as an over-muscled, oafish imbecile, he's quite smart and compassionate.  He's self-assured, and he would never, ever stop fighting for a worthwhile cause."
Thor (Goddess of Thunder),"<p class=""Body"">When the Odinson lost his ability to wield Mjolnir, the role of Thor, God of Thunder, was left unoccupied&hellip;albeit for a short time. A mysterious female figure picked up the hammer with ease, changing the inscription to fit her status as the Goddess of Thunder.</p>"
Thor (MAA),"Thor is the Asgardian Prince of Thunder, the son of Odin, and the realm's mightiest warrior. He loves the thrill of battle and is always eager to show off his power to the other Avengers, especially the Hulk. Thor's legendary Uru hammer, Mjolnir, gives him the power to control thunder and the ability to fly. He's found a new home on Earth and will defend it as his own... even if he doesn't understand its sayings and customs."
Thor (Ultimate),"He claims he is the legendary Norse thunder deity Thor, sent to Earth by his father Odin, but official records say he is Thorlief Golmen, who stole his scientist brother Gunnar Golmen's super-soldier technology after suffering a nervous breakdown."
Thor Girl,"Tarene, aware of her true nature as the Designate, a being foretold to elevate all life to greatness, sought adventure and, using Thor as a template, transformed herself into an Asgardian goddess and journeyed to Earth."
Thunderball,"Dr. Eliot Franklin was a genius-level physicist who was forced to turn to crime and helped form the Wrecking Crew alongside the Wrecker, Bulldozer and Piledriver."
Thunderbird (John Proudstar),"An exceptionally strong and vigorous athlete in his youth, John Proudstar&rsquo;s mutant abilities first manifested when he wrestled a charging bison to save a young girl."
Thunderbird (Neal Shaara),"Coming from an affluent family and the son of a Calcuttan police chief, Indian national Neal Shaara has not been a follower of Charles Xavier's philosophies for long, but appears to be one of their most dedicated supporters, nonetheless."
Thunderbolts,"After a battle with Onslaught left the world without the majority of the heroes that made it feel safe, Baron Zemo devised a plan like no other in order to rule the world. Zemo gathered Beetle, Fixer, Goliath, Moonstone, and Screaming Mimi, all former members of the Masters of Evil, together to disguise themselves as a new heroic team in order to take advantage of the missing heroes and gain the trust of the authorities and public in general. "
Thundra,"Thundra was quite possibly her world's greatest female specimens, and as she won countless battles against the men, she was revered as the Sisterhood's greatest hero."
Tiger Shark,"A champion Olympic swimmer, Todd Arliss earned nearly half million dollars in advances for public exhibitions, but his dreams came crashing down around him when he injured his back and legs while rescuing a man who had fallen overboard from a private craft, sending Arliss into the arms of Dr. Lemuel Dorcas, who used his ""morphotron,"" which could imprint the genetic pattern of an animal onto a human, turning Arliss into a superhuman, amphibious creature."
Tigra (Greer Nelson),"Although she was able to use the cat's-head amulet to change back to her human form, Greer Nelson became so accustomed to and enamored of her feline form that she seldom made the transformation."
Timeslip,"As a young child, Rina Patel experienced visions of her future, though she eventually learned to control this, triggering visions of specific times, and she realized she was swapping her consciousness across time."
Tinkerer,The Tinkerer is an ordinary man who has an extraordinary talent for anything mechanical.
Tippy Toe,"After the senseless murder of Squirrel Girl’s first partner Monkey Joe, Tippy Toe remained by Squirrel Girl’s side and became her new partner."
Titania,"Despondent and hopeless after it was discovered that she was not, in fact, Spider-Woman, Mary MacPherran encountered Doctor Doom, who offered her a chance to become superpowered in exchange for joining his army, to which Mary readily agreed, and Doom transformed her into Titania."
Toad,"British-born Mortimer Toynbee, abandoned by his parents so early in childhood that he cannot remember them, was placed in an orphanage where the other children, who regarded him as a freak due to his ugliness, his unusual physique and his leaping ability, continually tormented him."
Tombstone,"Known as Tombstone, Lonnie Lincoln filed his teeth to points to add to his already intimidating image and honed his fighting skills in numerous street fights."
Toro (Thomas Raymond),"As the Torch approached Toro, his presence caused Toro to burst into flame like the Torch himself, but while remaining unharmed, causing the Torch to realize that Toro had the same powers that he himself did."
Toxin,NYPD Officer Patrick Mulligan was implanted with a symbiote offspring during a chance encounter with Carnage.
Trauma,Terrance Ward was drafted into the Initiative training program because of his telepathic and shape-shifting abilities.
Triathlon,"After being exposed as a steroid user and stripped of his awards, gifted sprinter Delroy Garrett Jr. sought new direction in the Triune Understanding, a philosophical movement that preaches the fulfillment of one's innate potential by balancing various aspects of environment and self, after which he developed a superhuman triple-powered physique, and, believing the Triune teachings had unlocked his latent powers, Garrett became the costumed hero Triathlon and celebrity spokesman for the Triune Understanding."
Triton,Triton is a member of the Inhumans.
Turbo,"As Turbo, young journalist Michiko Musashi is the latest in a line of heroes who have worn the turbine-powered flying armor."
Typhoid Mary,"Typhoid Mary, an enemy and former lover of Daredevil with psionic powers, including telekinesis, is also truly gravely mentally ill and not entirely responsible for her actions."
U-Go Girl,"After a failed attempt at starting an acting career, Edie Sawyer turned to a life of crime until she learned of a new media savvy team of superhuman mutants named X-Force, and she decided to become a superhero."
U.S. Agent,"With the end of the Vietnam War, John Walker thought his dreams of becoming a war hero had also ended, until he learned of the Power Broker, who could give anyone superhuman powers, which Walker used to first become Super-Patriot and later, U.S. Agent."
Uatu The Watcher,Uatu grew so fond of the lifeforms he observed that he occasionally violated his vow of non-interference when Earth's existence was threatened.
Ulik,"Ulik was a Rock Troll from the realm known as Nornheim, located underground within the dimension of Asgard."
Ultimate Spider-Man (USM),"For the past year, Peter Parker has been saving New York City from villains as the masked hero, Spider-Man. Facing thugs and evil geniuses alike, he learns how to balance heroics with homework and friends. Despite being a Super Hero, Peter is very much an average 16-year-old.  With the added responsibilities of being Spider-Man, juggling all the aspects of his life will continually challenge him.                                                                 

When S.H.I.E.L.D. Director, Nick Fury, offers Peter the chance to raise his game and become THE ULTIMATE SPIDER-MAN, Midtown High becomes a secret operations base for Spider-Man and other young heroes under the watchful eye of Fury and the schoolâ€™s new principal, Agent Coulson. "
Ultimo,"Ultimo was a robotic construct that was developed several thousand years ago on an unknown world, which the Mandarin eventually discovered and claimed as his own creation."
Ultron,"Arguably the greatest and certainly the most horrific creation of scientific genius Dr. Henry Pym, Ultron is a criminally insane rogue sentient robot dedicated to conquest and the extermination of humanity."
Umar,"Umar and her sibling Dormammu gathered matter to themselves to increase their power, a practice anathema to their fellow Faltine who consider energy to be superior to matter."
Unicorn,"Milos Masaryk, a Soviet intelligence agent assigned as a security guard for Anton Vanko, a Soviet inventor who developed the Crimson Dynamo armor, was tasked by the Soviet government to retrieve Vanko after he defected to the United States."
Union Jack (Brian Falsworth),"Imprisoned in Germany during WWII, Brian Falsworth shared a cell with a German scientist who had tried to recreate the super-soldier serum, but didn't want it to fall into Nazi hands, so he gave his only sample to Brian, who gained enhanced strength, speed, stamina and reflexes."
Union Jack (Joseph Chapman),"Joey Chapman, the new Union Jack continued to fight evil, both alone and as a member of the Knights of Pendragon and the new Invaders."
Union Jack (Montgomery Falsworth),"During World War I, Lord Montgomery Falsworth was recruited by the British army to become one of the first public superhero champions: Union Jack."
Unus,"Angelo Unuscione is a mutant whose powers did not surface until adolescence, when he first used them as a school bully and later as a small time criminal before immigrating to America and using his ability to create a virtually impenetrable force field around himself to launch a career as a flamboyant, invincible costumed wrestler known by the stage name of Unus the Untouchable."
Unus (Age of Apocalypse),Unus worked for Apocalypse and was sent into Old New York City to search for any remaining humans there and to kill them.
Unus (House of M),Unus is an agent for the House of M royal family.
Unus (Ultimate),"Unus worked with the Brotherhood of Mutants and with Magneto directly, projecting Magneto's image to allow him to converse with Charles Xavier without a face-to-face meeting."
Valkyrie (Samantha Parrington),"Amora magically transformed Samantha Parrington into a raging, man-hating facsimile of the Asgardian warrior goddess Brunnhilde the Valkyrie, whose form and might Amora could replicate at will, having trapped Brunnhilde's soul in a mystical crystal centuries earlier."
Vampiro,"Vampiro, part of the race known as the Eternals, lived on Earth for many years, eventually taking a wife and making a career for himself as a professional wrestler."
Vanisher (Age of Apocalypse),Vanisher worked for Apocalypse.
Vanisher (Telford Porter),Nothing is known about the Vanisher's past before he embarked on a one-man crime wave of spectacular thefts using his power of self-teleportation.
Vanisher (Ultimate),Vanisher is a mutant with the power to teleport himself and possibly others across an undefined amount of distance who was recruited by Magneto into his Brotherhood of Mutants.
Vapor,"Vapor, along with her brother, was among the small group led by Simon Utrecht to simulate the crash that gave the Fantastic Four their powers, and has remained with the U-Foes ever since."
Vargas,"Vargas claimed that mutants are deviations from the norm, an evolutionary dead end nature explored until it found the true path for the next step in mutant kinds development, the legitimate Homo Sapiens Superior, namely, himself."
Vector,"Simon Utrecht wanted superhuman powers in order to persue personal power and gain, and commissioned a project that would ultimately simulate the crash that gave the Fantastic Four their powers; he has remained with the U-Foes ever since."
Veda,"Magdalena Marie Neuntauben became an accomplished martial artist, then a model, and later an actress, from which she donated all of her proceeds to her charity, which made her a prime candidate for recruitment into the Order."
Vengeance (Michael Badilino),"Michael Badilino became consumed with gaining vengeance on Ghost Rider for what happened to his family, and the demon Mephisto granted him the power with which to do so, transforming him into Vengeance."
Venom (Flash Thompson),"Flash Thompson was the high school bully of Peter Parker while also being one of Spider-Man's biggest fans. After losing his legs during military service, he became the new Venom, working as an operative of the United States government."
Venom (Mac Gargan),"One of Spider-Man's oldest enemies, Mac Gargan has recently abandoned his Scorpion suit and identity and bonded with the alien symbiote that had previously been hosted by Peter Parker and Eddie Brock, becoming the new Venom."
Venom (Ultimate),"While Eddie Brock’s academic career seemed to take off, his personal life was in shambles due to his quick temper and inability to connect with women on any level, and Eddie became isolated, but when his old friend Peter Parker contacted him, he felt a rush of enthusiasm: here, at last, was someone with whom he could truly bond."
Venus (Siren),"During her time as an adventurer, Venus was approached by FBI agent Jimmy Woo, and she agreed to join Jimmy and his allies in freeing President Eisenhower from the clutches of the Yellow Claw."
Venus Dee Milo,"When Dee Milo was a teenager, her mutant powers manifested, transforming her into a being of energy and seemingly killing her entire family in the resultant explosion, after which she was found by Professor Charles Xavier, mutant mentor and researcher, and Xavier designed a special containment suit that helped her regain some level of humanity."
Vermin (Edward Whelan),"Edward Whelan was found roaming the streets of New York by Baron Helmut Zemo, who subjected Whelan to Zemo's genetic experiments, which granted him superhuman strength, but, in the process of the mutation, he manifested a rat-like physical appearance, and was called Vermin."
Vertigo (Savage Land Mutate),"Vertigo was a native of the Savage Land and mutated by the mutant known as Magneto, granting her the power to alter the perceptions of others."
Vindicator,"Heather McNeil-Hudson married James Hudson, founder of Canadian super-team, Alpha Flight, and donned a version of his Vindicator armor after his death."
Viper,"After the apparent death of Baron von Strucker, Viper took the name Madame Hydra and took control of the New York-based faction of Hydra."
Vision,The metal monstrosity called Ultron created the synthetic humanoid known as the Vision from the remains of the original android Human Torch of the 1940s to serve as a vehicle of vengeance against the Avengers.
Vulcan (Gabriel Summers),Vulcan is the third Summers brother and an Omega-level mutant who was thought long-dead by Professor X.
Vulture (Adrian Toomes),Adrian Toomes is a former electronics engineer who employs a special harness of his own design that allows him to fly and endows him with enhanced strength.
Vulture (Blackie Drago),"Adrian Toomes, the Vulture, told his cellmate, Blackie Drago, the location of his Vulture costume."
Wallflower,"Laurie Collins began to involuntarily manipulate anyone around her once her genetic mutation manifested, unable to control its effects."
Wallop,"Walter was born, presumably in the decade of 1910s, into the ClanDestine-- his father, the immortal Adam Destine and his mother a magical genie."
Wallow,"Max Pressman murdered his wife and attempted to murder his two children Michael and Melinda, but after police officer shot him before he could so, Pressman returned as a ghost-like entity, with only the face of Melinda's doll as his own."
War (Abraham Kieros),"A young veteran wounded during the Vietnam War, Abraham Kieros was selected by Apocalypse to become the Horseman War."
War Machine (Parnell Jacobs),"Parnell Jacobs was a member of the U.S. Army who fought in Sin-Congese civil war in Asia alongside Jim Rhodes and who later encountered the discarded armor of Rhodes' superhero alter-ego, War Machine, which Jacobs studied used for the basis of many arms designs."
Warlock (Janie Chin),"College design student Janie Chin was transformed by Adam Warlock into a female version of him, who then tried to cure the planet."
Warlock (Technarchy),"The New Mutants' Warlock is an alien being from an unidentified world where the a sentient life forms are ""techno-organic"" life that resembles circuitry and machinery in various ways."
Warpath,"James Proudstar was once a member of Professor X's New Mutants and is currently a member of the X-Men black ops team, X-Force."
Warstar,"Warstar, a former member of the Imperial Guard, was one of eight Imperial Guardsmen chosen to battle the team of superhuman Earthling mutants known as the X-Men over the fate of Phoenix, a primal force of the cosmos that had assumed the form of the X-Man Jean Grey."
Wasp,"When Janet Van Dyne's father died, she convinced her father's associate Hank Pym to give her a supply of ""Pym particles""; Pym also subjected her to a procedure which granted her the ability to, upon shrinking, grow wings and fire blasts of energy, which she called her ""wasp's stings."""
Wasp (Ultimate),"Janet Van Dyne has the ability to shrink down to the size of an insect and has the insect-like properties of her namesake, the wasp."
Werewolf By Night,"Jack Russell inherited the curse of lycanthropy from his father, Gregor."
Whiplash (Mark Scarlotti),"Filled with dreams of grandeur, Mark Scarlotti was a brilliant young man with a bright future who graduated with top honors from college and immediately had a promising job at Stark International, but it all went south, however, when he became friends with the wrong people who wanted him to develop weapons, which Scarlotti used to become the first Whiplash."
Whirlwind,"David Cannon was always a bully, so his mutant abilities naturally led him to a life of crime and petty thievery, until his constant defeat at the hands of the Hank Pym and the Wasp led him to create the Whirlwind identity."
White Tiger (Angela Del Toro),"Federal agent Angela Del Toro is the heir to a heroic legacy that began with the Jade Tiger, a long-lost enchanted statue from the fabled kingdom of K'un-Lun, and had been last held by her uncle, Hector Ayala, who fought alongside such heroes as Daredevil and Spider-Man."
White Tiger (USM),"White Tiger takes everything very seriously. A constant overachiever, she wants to be better and wants the group to be better. With less flashy powers, she feels like she has to work the hardest. 
 
A skilled acrobatic fighter with feline senses and claws. Ava wears a small Tiger amulet on her belt that gives her supernatural powers.

In the field, sheâ€™s constantly frustrated with Spider-Man and his irreverent attitude. But the longer the two fight side by side, the more they will understand one another."
Whizzer (Stanley Stewart),Stanley Stewart is a native of the alternate Earth (Earth-S) on which the organization of the superhuman champions known as the Squadron Supreme arose.
Wiccan,"Believing himself to be one of the Scarlet Witch's twin boys, Billy Kaplan also has reality-altering powers and is a member of the Young Avengers."
Wild Child,"Kyle Gibney's mutant powers emerged at an early age and left him with a freakish appearance, horrifying his parents, who kicked him out of the house, where he was eventually found and experimented upon by the Secret Empire and, later, Department H, who dubbed Gibney Wild Child and placed him with Gamma Flight, the entry-level team whose recruits can eventually graduate to Alpha Flight."
Wild Child (Age of Apocalypse),"Kyle Gibney was one of the original volunteers for Beta Flight, Canada's attempt at building a super soldier program to secure their borders against the onslaught of Apocalypse and his Infinite soldiers."
William Stryker,"William Stryker became convinced that Satan had a plot to corrupt humankind by taking over their souls while still in the womb, resulting in their mutations."
Wind Dancer,"Given the codename Wind Dancer, Sofia Mantega stepped up to lead the New Mutants."
Wither,"When his genetic mutation manifested, Kevin Ford accidentally killed his father with his lethal and uncontrollable touch, after which he was recruited as a student at the Xavier Institute."
Wolf Cub,Nicholas Gleason enrolled at the Xavier Institute after being saved from a pair of mutant-haters by X-Men members Cyclops and Chamber.
Wolfsbane,"Rahne Sinclair was an orphan in Scotland, raised by Reverend Craig, who, when her powers manifested, attempted to perform an exorcism to cast out what he perceived was the devil, after which Rahne was rescued by Doctor Moira MacTaggert who legally adopted her, and was introduced to Charles Xavier and enrolled as part of his New Mutants training team."
Wolfsbane (Age of Apocalypse),"An only child, Rahne Sinclair's mutant powers emerged during the culling of Scotland by the Apocalypse's Horseman Mikhail when her parents attempted to hide her, but failed, and Rahne was discovered by Mikhail's hounds and brought before him alongside her parents whom Mikhail made Rahne beg for their lives, making her pledge allegiance to Apocalypse."
Wolverine,"Born with super-human senses and the power to heal from almost any wound, Wolverine was captured by a secret Canadian organization and given an unbreakable skeleton and claws. Treated like an animal, it took years for him to control himself. Now, he's a premiere member of both the X-Men and the Avengers."
Wolverine (Ultimate),"Decades after participating in military airdrops with Captain America during WWII, James Howlett was abducted and experimented upon by a covert government unit, who bonded unbreakable adamantium to his skeleton, implanted three claws in each arm, dubbed him Weapon X and supposedly programmed him to kill any human he came into contact with."
Wonder Man,"Simon Williams agreed to undergo an experiment to give him superhuman powers, and Baron Zemo gave him the costumed guise of Wonder Man, warning Simon that he would die without further treatments from Zemo in order to ensure his loyalty, but Simon betrayed Zemo to the Avengers and ultimately joined their ranks."
Wong,"When Wong reached adulthood, the Ancient One sent him to the United States to his disciple, Doctor Stephen Strange, where has served Strange loyally and well for many years."
Wrecker,"Dirk Garthwaite, the son of a construction worker and abusive father and husband, grew up filled with resentment and anger toward his father, who abandoned the family, and quickly turned to crime, in which he used a crowbar as a reminder of his father, destroying each place he robbed."
X-23,"A clone of the mutant Wolverine, X-23 was trained as a living weapon by a secretive government agency.  Now residing with the X-Men, she strives to recover her stolen youth and become a fully realized person."
X-Man,"A clone of Nathan Summers (Cable), Nate Grey was created in the ""Age of Apocalypse"" timeline by that timeline's Mr. Sinister for the sole purpose of destroying Apocalypse."
X-Men,"Feared and hated by humans because they're different, the X-Men are heroic mutants, individuals born with special powers who've sworn to use their gifts to protect mutants as well as humans."
X-Ray (James Darnell),"James Darnell, along with his sister, was among the small group led by engineer Simon Utrecht to simulate the crash that gave the Fantastic Four their powers, and has remained with the U-Foes ever since."
Xorn (Kuan-Yin Xorn),"Xorn, whose mutation manifested as a tiny, powerful star inside his head, was brainwashed into believing he was the reincarnation of Magneto."
Yellow Claw,"The Yellow Claw is Plan Tzu, the 19th Century descendant of and rightful successor to the legendary warlord Temujin, a.k.a. Genghis Khan."
Yellowjacket (Rita DeMara),"Rita DeMara, hoping to show off her talent of engineering, stole a copy of the Yellowjacket costume from the Avengers Mansion."
Zarek,"Zarek is a member of the Kree race with no superhuman abilities or specialized weaponry, but as a blue Kree, he has enhanced strength, stamina and durability."
Zodiak,"Twelve demons merged with Norman Harrison, who, soon after, adopted the guise of Zodiac and used his abilities to harness powers based on the astrological Zodiac."
Zombie (Simon Garth),"War hero Simon Garth was turned into a zombie by his secretary, Layla, who was also a voodoo priestess, after being killed by his gardener, Gyps."
Zuras,Zuras was once the leader of the Eternals.
Zzzax,"A chain reaction in an atomic reactor, a result of a terrorist attack, accidentally created a force that absorbed the electrolytes of the nearby humans' brains, granting the explosion of energy a rudimentary sentience.  "
